<?xml version="1.0" encoding="UTF-8"?>
<!DOCTYPE mapper PUBLIC "-//mybatis.org//DTD Mapper 3.0//EN" "http://mybatis.org/dtd/mybatis-3-mapper.dtd">
<mapper namespace="org.csu.mypetstore.persistence.AccountMapper">
	<select id="getAccountByUsername" parameterType="string" resultType="Account">
		SELECT
			SIGNON.USERNAME,
			SIGNON.PASSWORD,
			ACCOUNT.EMAIL,
			ACCOUNT.FIRSTNAME,
			ACCOUNT.LASTNAME,
			ACCOUNT.STATUS,
			ACCOUNT.ADDR1 AS address1,
			ACCOUNT.ADDR2 AS address2,
			ACCOUNT.CITY,
			ACCOUNT.STATE,
			ACCOUNT.ZIP,
			ACCOUNT.COUNTRY,
			ACCOUNT.PHONE,
			PROFILE.LANGPREF AS languagePreference,
			PROFILE.FAVCATEGORY AS favouriteCategoryId,
			PROFILE.MYLISTOPT AS listOption,
			PROFILE.BANNEROPT AS bannerOption,
			BANNERDATA.BANNERNAME
		FROM
			ACCOUNT,
			PROFILE,
			SIGNON,
			BANNERDATA
		WHERE
			ACCOUNT.USERID = #{username}
			AND SIGNON.USERNAME = ACCOUNT.USERID
			AND PROFILE.USERID = ACCOUNT.USERID
			AND PROFILE.FAVCATEGORY = BANNERDATA.FAVCATEGORY
	</select>

	<insert id="insertAccount">
		INSERT INTO ACCOUNT ( EMAIL, FIRSTNAME, LASTNAME, STATUS, ADDR1, ADDR2, CITY, STATE, ZIP, COUNTRY, PHONE, USERID )
		VALUES
	(#{email}, #{firstName}, #{lastName}, #{status}, #{address1}, #{address2}, #{city}, #{state}, #{zip}, #{country}, #{phone},#{username})
	</insert>

	<insert id="insertProfile">
		INSERT INTO PROFILE ( LANGPREF, FAVCATEGORY, USERID, MYLISTOPT, BANNEROPT )
		VALUES
			(#{languagePreference},#{favouriteCategoryId},#{username},#{listOption},#{bannerOption})
	</insert>

	<update id="updateAccount">
		UPDATE ACCOUNT
		SET EMAIL = #{email},
		FIRSTNAME = #{firstName},
		LASTNAME = #{lastName},
		STATUS = #{status},
		ADDR1 = #{address1},
		ADDR2 = #{address2},
		CITY = #{city},
		STATE = #{state},
		ZIP = #{zip},
		COUNTRY = #{country},
		PHONE = #{phone}
		WHERE
			USERID = #{username}
	</update>

	<update id="updateProfile">
		UPDATE PROFILE
			SET LANGPREF = #{languagePreference},
			FAVCATEGORY = #{favouriteCategoryId},
			MYLISTOPT = #{listOption},
			BANNEROPT = #{bannerOption}

		WHERE
			USERID = #{username}
	</update>
</mapper>